Page URL,Title,Meta Description,Primary Keyword,Issues Fixed,Recommendations
https://servicetitanhacks.com/,ServiceTitan Hacks | AI Tools for Contractors & HVAC Automation,"AI tools for contractors. Learn ServiceTitan automation for HVAC, plumbing businesses. Free courses, tools & community. Join 9,500+ contractors.",AI tools for contractors,"Added SEO component with meta tags, Open Graph tags, Twitter Cards, Organization schema markup, canonical URL","Consider A/B testing hero CTA buttons, add FAQ section with schema markup"
https://servicetitanhacks.com/courses,ServiceTitan Courses | AI Automation & Integration Training,"Learn ServiceTitan automation, AI integration, and optimization with hands-on courses. From beginner Zapier integrations to advanced AI call analysis.",ServiceTitan courses,"Added SEO component with meta tags, keywords, canonical URL, Open Graph tags","Add FAQ section, implement breadcrumb schema, consider video schema for course previews"
https://servicetitanhacks.com/about,About ServiceTitan Hacks | AI Tools for Home Service Contractors,"ServiceTitan Hacks helps home service contractors leverage AI and automation to grow smarter. Join 9,500+ contractors learning proven strategies.",ServiceTitan experts,"Added SEO component with comprehensive meta tags, keywords, canonical URL","Add team member schema if appropriate, include more internal links to courses and resources"
https://servicetitanhacks.com/resources,Free ServiceTitan Resources | Tools Calculators & Downloads,"Free ServiceTitan tools, calculators, and guides for HVAC, plumbing, and electrical contractors. ROI calculators, metrics guides, and automation templates.",ServiceTitan resources,"Added SEO component with meta tags, keywords, canonical URL, Open Graph tags","Add schema markup for downloadable resources, implement review/rating schema for tools"
https://servicetitanhacks.com/tools,ServiceTitan Tools | AI-Powered Business Automation,"Powerful tools to optimize your ServiceTitan operations. Pricebook optimizer, automation platforms, and AI-powered business solutions.",ServiceTitan tools,"Added SEO component with meta tags, keywords, canonical URL","Add SoftwareApplication schema for each tool, include comparison table with schema markup"
https://servicetitanhacks.com/contact,Contact ServiceTitan Hacks | Get Help with AI & Automation,Contact ServiceTitan Hacks for questions about courses tools or AI automation solutions for your home service business.,contact ServiceTitan Hacks,"Added SEO component with meta tags, keywords, canonical URL","Add LocalBusiness or ContactPage schema, include structured data for contact information"
https://servicetitanhacks.com/blog,ServiceTitan Blog | AI Automation & Growth Strategies,"Expert insights on ServiceTitan optimization, AI automation, and business growth strategies for HVAC, plumbing, and electrical contractors.",ServiceTitan blog,"Added SEO component with meta tags, keywords, canonical URL, replaced existing useEffect implementation","Add BlogPosting schema for individual posts, implement article schema with author info"
https://servicetitanhacks.com/podcast,ServiceTitan Podcast | Contractor Success Stories & Strategies,"Listen to the ServiceTitan Hacks podcast featuring contractor success stories, expert interviews, and proven business growth strategies.",ServiceTitan podcast,"Added SEO component with meta tags, keywords, canonical URL","Add PodcastSeries schema, implement episode schema with audio file links"
https://servicetitanhacks.com/partners,ServiceTitan Partners | Trusted Tools & Integrations,"Discover trusted ServiceTitan partners and integrations. Vetted tools to enhance your operations, from AI automation to business analytics.",ServiceTitan partners,"Added SEO component with meta tags, keywords, canonical URL","Add Organization schema for each partner, implement partnership/affiliation structured data"
https://servicetitanhacks.com/pricebook-optimizer,Pricebook Optimizer | Transform Technical Service Descriptions with AI,"Free AI-powered tool to transform technical pricebook descriptions into homeowner-friendly language. Improve customer understanding and boost conversions.",pricebook optimizer,"Added SEO component with meta tags, keywords, canonical URL","Add WebApplication or SoftwareApplication schema, include HowTo schema for usage instructions"
https://servicetitanhacks.com/all-access,All-Access Pass | Unlimited ServiceTitan Training & Resources,"Get unlimited access to all ServiceTitan Hacks courses, tools, and resources. Learn AI automation, integrations, and optimization at your own pace.",ServiceTitan all access,"Added SEO component with meta tags, keywords, canonical URL","Add Product schema with subscription offers, implement review/rating aggregation schema"
https://servicetitanhacks.com/company-app-course,Company App Course | Build Custom Apps for Home Service Teams,"Build a professional company app for your HVAC, plumbing, or electrical business using Jotform. 13 lessons, 3 chapters. $97 course.",company app course,"Added SEO component with meta tags, keywords, canonical URL, Course schema ($97)","Add VideoObject schema for lesson previews, implement review schema, add breadcrumbs"
https://servicetitanhacks.com/dashboard-course-landing,DIY TV Dashboard Course | Automated ServiceTitan Data Display,"Build an automated TV dashboard with live ServiceTitan data. 15 lessons, 2 chapters. Perfect for HVAC, plumbing, electrical shops. $97 course.",TV dashboard course,"Added SEO component with meta tags, keywords, canonical URL, Course schema ($97)","Add educational alignment schema, implement rating schema, add FAQ section"
https://servicetitanhacks.com/make-integration-course,Make.com Integration Course | Connect ServiceTitan with 1000+ Apps,"Master ServiceTitan integration with Make.com. Build cost-effective automations and workflows. 10 lessons, 4 chapters. $69 course.",Make.com course,"Added SEO component with meta tags, keywords, canonical URL, Course schema ($69)","Add HowTo schema for integration steps, implement video schema for tutorials"
https://servicetitanhacks.com/zapier-integration-course,Free Zapier Course | Connect ServiceTitan with Zapier Integration,"Free course: Connect ServiceTitan to Zapier and automate workflows. 3 lessons, 1 chapter. Perfect for beginners.",Zapier course,"Added SEO component with meta tags, keywords, canonical URL, Course schema (FREE)","Emphasize 'free' in structured data, add beginner-friendly FAQ section with schema"
https://servicetitanhacks.com/fix-ugly-forms-course-landing,Fix Ugly Forms Course | AI-Powered Job Notes Cleanup,"Transform messy form submissions into polished job notes using ChatGPT and Zapier. 19 lessons, 6 chapters. $49 course.",AI forms course,"Added SEO component with meta tags, keywords, canonical URL, Course schema ($49)","Add before/after examples with ImageObject schema, implement testimonial schema"
https://servicetitanhacks.com/job-summary-course,Job Summary Automation Course | AI-Powered ServiceTitan Summaries,"Automate job summaries with AI for HVAC, plumbing, and electrical companies. Professional bullet-point lists. 7 lessons, 1 chapter. $39 course.",job summary automation,"Added SEO component with meta tags, keywords, canonical URL, Course schema ($39)","Add use case examples with HowTo schema, implement time-saving calculator"

Technical SEO Improvements,,,,,
robots.txt,Created with proper directives,Allows all search engines; disallows /admin and /api/; includes sitemap reference,SEO optimization,"Created comprehensive robots.txt file with sitemap reference, admin exclusions","Monitor crawl rate in Google Search Console, update for new restricted areas"
sitemap.xml,Created XML sitemap,Includes all 20+ pages with proper priority and change frequency settings,site indexing,"Created complete sitemap.xml with all public pages, proper priorities (1.0 for home, 0.9 for courses, 0.8 for main pages)","Submit to Google Search Console and Bing Webmaster Tools, update monthly"
Schema Markup,Organization Schema,Added to homepage and index.html,structured data,"Implemented Organization schema with name, URL, logo, social profiles, contact information","Add breadcrumb schema to internal pages, implement ItemList schema for course collections"
Schema Markup,Course Schema,Added to all 6 course landing pages,course structured data,"Implemented Course schema with name, description, provider, pricing, and offers for all course pages","Add review/rating aggregation, instructor schema, duration, and syllabus details"
Meta Tags,Global Implementation,All pages now have unique titles and descriptions under 160 characters,meta optimization,"Added unique, keyword-rich meta tags to all 17+ pages; all descriptions optimized for search snippet display","A/B test meta descriptions for click-through rate optimization"
Open Graph Tags,Social Media Optimization,All pages have OG tags for Facebook Twitter and LinkedIn sharing,social sharing,"Implemented Open Graph tags (og:title, og:description, og:image, og:type, og:url) across all pages","Create custom OG images for each major page, test social sharing preview appearance"
Canonical URLs,Duplicate Content Prevention,All pages have proper canonical tags pointing to servicetitanhacks.com,canonical implementation,"Added canonical URLs to prevent duplicate content issues, pointing to primary domain","Monitor for duplicate content in Search Console, add hreflang if expanding internationally"
Image Optimization,ALT Text Enhancement,All images have descriptive keyword-rich ALT text,image SEO,"Verified and enhanced ALT text across homepage, course pages, and resource pages with relevant keywords","Compress images for faster load times, implement lazy loading (already done), add captions where appropriate"
Internal Linking,Navigation Structure,Cross-linking between related pages (courses resources tools),link equity,"Homepage links to all main sections; course pages link to related courses; resources page links to courses","Add contextual in-content links, create topic clusters, implement breadcrumb navigation"
Page Speed,Performance Optimization,Lazy loading images viewport meta tag font preloading,performance,"Implemented lazy loading on images, optimized font loading with preconnect, proper viewport configuration","Run Lighthouse audit, implement code splitting if needed, consider CDN for static assets"

On-Page SEO Status,,,,,
H1 Tags,Proper Implementation,Every page has single H1 with primary keyword,heading structure,"Verified all pages have proper H1 tags with target keywords near the start","Ensure H1 is always the page title, unique per page"
Heading Hierarchy,Structured Content,H1 → H2 → H3 hierarchy maintained throughout,content structure,"Reviewed heading hierarchy; all pages follow logical H1>H2>H3 structure without skipping levels","Add more H3 subheadings for longer content sections"
URL Structure,SEO-Friendly URLs,Keyword-rich concise URLs (company-app-course dashboard-course-landing),URL optimization,"All URLs are clean, descriptive, and include relevant keywords","Keep URLs short, avoid special characters, don't change existing URLs without 301 redirects"
Content Length,Adequate Content,Most pages exceed 300 words; course pages have 500+ words,content depth,"Verified main pages have sufficient content; course landing pages include detailed descriptions, features, instructor bios","Add FAQ sections to pages under 500 words, expand tool descriptions"
Keyword Density,Natural Integration,Keywords naturally integrated in titles headings and body content,keyword optimization,"Keywords placed in: page titles (primary), H1 tags, H2 subheadings, first paragraph, meta descriptions, ALT text","Avoid keyword stuffing, focus on semantic variations and long-tail keywords"
Readability,Grade 8 Target,Content written in clear accessible language,readability,"Reviewed content for readability; using short sentences, active voice, simple terminology","Run content through readability checker, simplify technical jargon where possible"
Call-to-Action,Clear CTAs,Every page has clear primary and secondary CTAs,conversion optimization,"All pages include prominent CTAs (Join Facebook Group, Enroll in Course, Download Resource, Contact Us)","A/B test CTA button text and placement, add urgency elements where appropriate"

Analytics & Tracking,,,,,
Google Analytics 4,GA4 Setup,Analytics code present; needs VITE_GA_MEASUREMENT_ID configuration,analytics,"GA4 tracking code implemented in analytics.ts; awaiting measurement ID from user","Configure VITE_GA_MEASUREMENT_ID in Replit Secrets, set up conversion goals and events"
Google Search Console,GSC Verification,Not yet verified (requires user action),search console,"robots.txt and sitemap.xml ready for GSC submission","User needs to verify domain ownership and submit sitemap in Google Search Console"
Rich Results Test,Schema Validation,Structured data ready for validation (requires deployment),schema testing,"All schema markup properly formatted and ready for Google Rich Results Test validation","After deployment, validate with Google Rich Results Test and Schema Markup Validator"

Next Steps & Recommendations,,,,,
Priority 1,Configure GA4 Measurement ID,Add VITE_GA_MEASUREMENT_ID to Replit Secrets for analytics tracking,analytics setup,"Analytics framework in place, awaiting configuration","High priority: enables conversion tracking and user behavior analysis"
Priority 2,Verify Google Search Console,Claim domain ownership and submit sitemap.xml,search visibility,"Sitemap created and referenced in robots.txt","Required for monitoring search performance and indexing status"
Priority 3,Create Custom OG Images,Design unique Open Graph images for main pages (1200x630px),social media,"Using default OG image; custom images improve click-through rates on social platforms","Create branded images with course previews, tool screenshots, and value propositions"
Priority 4,Add FAQ Sections,Implement FAQ with schema markup on key pages,featured snippets,"No FAQ sections currently; FAQs increase chances of featured snippet ranking","Focus on: course pages (common questions), tools page (how-to questions), resources page"
Priority 5,Implement Review Schema,Add review and rating schema to courses and tools,rich snippets,"Course schema in place; adding reviews increases trust and CTR in search results","Collect and display authentic reviews, implement AggregateRating schema"
Priority 6,Page Speed Optimization,Run Lighthouse audit and optimize Core Web Vitals,performance,"Basic optimizations complete (lazy loading, font preloading)","Target: LCP < 2.5s, FID < 100ms, CLS < 0.1"
Priority 7,Content Expansion,Add more in-depth content to pages under 500 words,content depth,"Main pages adequate; some secondary pages could use expansion","Add how-to guides, case studies, and detailed tool comparisons"
Priority 8,Build Backlinks,Outreach for industry backlinks and guest posting,off-page SEO,"On-page SEO complete; backlinks critical for domain authority","Target: HVAC blogs, ServiceTitan partners, contractor forums, industry publications"
Priority 9,Local SEO (Optional),Add LocalBusiness schema if physical location exists,local search,"Currently focused on national/online presence","Only if brick-and-mortar location or local services offered"
Priority 10,Monitor & Iterate,Track rankings conversions and user behavior monthly,ongoing optimization,"SEO foundation complete; requires ongoing monitoring and optimization","Set up monthly SEO reports, track keyword rankings, monitor competitors"
